ID,SaaNH,n9FaHRing,naHRing,JGI5,MATS1c,n9FHRing,PEOE_VSA1,NsOH,Xch-6d,AATSC3i
CHEMBL387748,3.433539068,0,3,0.016992754,-0.462344944,0,10.30076712,0,0.497193875,0.189143996
CHEMBL202730,0.0,1,3,0.018055556,-0.185182509,1,9.467009379,0,0.727435268,-0.02657287
CHEMBL260923,0.0,0,3,0.0171513,-0.172931329,0,0.0,0,0.572623765,0.251247528
CHEMBL436944,2.944180713,0,3,0.017753086,-0.324868153,0,9.636772685,0,0.506873575,0.08111752900000001
CHEMBL1835534,0.0,1,4,0.021873522000000003,-0.454584962,1,5.316788604,0,0.568041382,0.010015238
CHEMBL1835522,0.0,1,4,0.0215625,-0.4002101,1,10.05365156,0,0.568041382,-0.0058011090000000005
CHEMBL1835518,0.0,1,4,0.021141304,-0.456329159,1,5.316788604,0,0.568041382,-0.026129069
CHEMBL205151,2.931642415,0,3,0.020674603,-0.3672846420000001,0,10.05365156,0,0.404811503,0.033818727
CHEMBL2435037,0.0,0,2,0.024411765,-0.5437894289999999,1,15.20739338,0,0.484708048,0.164403192
CHEMBL229654,3.425442623,0,3,0.020766908,-0.57091314,0,16.034434599999994,0,0.497193875,0.154919495
CHEMBL229497,3.447870607,0,2,0.018833333,-0.49314765,1,19.77449303,0,0.580527208,0.083711655
CHEMBL425177,0.0,0,4,0.02234985,-0.575695827,0,5.733667477000001,0,0.445480992,0.281672629
CHEMBL566440,0.0,0,1,0.018689236,-0.412657523,0,0.0,0,0.538603074,-0.208835134
CHEMBL1237161,2.976808123,0,3,0.015671835,-0.205114713,0,4.736862953999999,0,0.506873575,0.047135666
CHEMBL206544,2.964063799,0,3,0.022428571,-0.21108114,0,0.0,0,0.404811503,-0.035057321
CHEMBL382799,2.942391606,0,3,0.018526235,-0.24273712600000005,0,4.736862953999999,0,0.404811503,-0.00234766
CHEMBL359724,0.0,0,3,0.020236928,-0.568019422,0,5.733667477000001,0,0.460772944,-0.018912124
CHEMBL260239,0.0,0,3,0.0181102,-0.229097742,0,9.636772685,0,0.6746858379999999,-0.03823347
CHEMBL125846,2.956115599,0,2,0.020241546000000003,-0.279746816,0,0.0,0,0.30274943,0.023518517000000003
CHEMBL340203,2.870474773,0,3,0.017822581,-0.232936272,0,0.0,0,0.370790812,0.250250917
CHEMBL204838,2.934162514,0,3,0.02,-0.227492927,0,0.0,0,0.404811503,-0.008280210999999999
CHEMBL566439,0.0,0,3,0.018823232,-0.539767342,0,9.843390349,1,0.591352505,0.20214256
CHEMBL338713,2.949609552,0,3,0.014712963,-0.19918311,0,0.0,0,0.389519551,-0.080911021
CHEMBL229548,3.464247528,0,3,0.019143026,-0.4688421370000001,0,10.30076712,0,0.497193875,0.180716695
CHEMBL126789,2.85312996,0,2,0.021111111,-0.26002657100000004,0,0.0,0,0.287457479,0.209208497
CHEMBL1164092,3.445659565,0,4,0.019335749,-0.456415963,0,4.983978521,0,0.497193875,0.108320652
CHEMBL1272290,0.0,0,0,0.025361552,-0.559569058,1,25.75018527,0,0.48847624,-0.088824276
CHEMBL337978,2.826180792,0,2,0.019206349,-0.240175918,0,0.0,0,0.321478169,-0.039183808
CHEMBL1271471,0.0,0,0,0.024554598,-0.535470219,1,20.85027554,0,0.48847624,-0.104986455
CHEMBL1165374,3.485659565,0,3,0.019335749,-0.458484451,0,4.983978521,0,0.497193875,-0.0241054
CHEMBL492634,3.443195704,0,3,0.019832176,-0.573278819,0,10.717646,0,0.497193875,0.039322568
CHEMBL365918,0.0,0,2,0.020236928,-0.614170287,0,5.733667477000001,0,0.460772944,0.158382362
CHEMBL204211,2.977832018,0,3,0.019547804,-0.223631474,0,10.05365156,0,0.506873575,-0.028645021
CHEMBL208437,2.9590700880000003,0,4,0.019768519,-0.26750708300000003,0,9.303962602,0,0.506873575,0.101179981
CHEMBL202994,2.971327032,0,3,0.019768519,-0.234433859,0,4.736862953999999,0,0.506873575,0.128351592
CHEMBL205156,2.9516097130000003,0,3,0.02,-0.20140246,0,0.0,0,0.404811503,-0.08730893
CHEMBL204139,3.1463904360000003,1,3,0.017277778,-0.313893864,1,4.983978521,0,0.68997779,0.105485105
CHEMBL378167,0.0,1,3,0.016655093,-0.195036953,1,9.467009379,0,0.8294973409999999,0.072399832
CHEMBL206233,0.0,1,3,0.015988889,-0.210489927,1,9.467009379,0,0.8107686009999999,0.105688394
CHEMBL184746,0.0,0,2,0.023761261,-0.607238634,0,5.733667477000001,0,0.442044204,-0.076622647
CHEMBL229599,3.415695704,0,3,0.018744213,-0.568024162,0,16.034434599999994,0,0.497193875,0.154919495
CHEMBL204966,0.0,1,3,0.017108262,-0.245185266,1,4.567099648,0,0.736890192,0.070820751
CHEMBL1957672,3.213556311,0,2,0.018963964,-0.625220133,1,14.45770443,0,0.5997530529999999,0.010618935
CHEMBL118928,2.876894133,0,2,0.020241546000000003,-0.406105675,0,5.106527395,1,0.30274943,0.042650262
CHEMBL406411,0.0,0,3,0.017435516,-0.188597328,0,9.636772685,0,0.792536968,0.146631819
CHEMBL409158,0.0,0,3,0.017175926,-0.216333307,0,9.473725907999999,0,0.693414577,0.189171384
CHEMBL409356,0.0,0,3,0.021548964,-0.275154041,0,14.53668242,0,0.6746858379999999,0.26686637
CHEMBL234655,0.0,0,3,0.020401786,-0.53106779,0,15.53348694,0,0.491448067,-0.209816966
CHEMBL606632,0.0,0,3,0.024666667000000003,-0.255216681,0,0.0,0,0.501232212,0.222469651
CHEMBL10,3.367655659,0,2,0.031637427,-0.460252556,0,4.983978521,0,0.435395406,-0.225700659
CHEMBL129678,2.766566515,0,2,0.022573099,-0.414540103,0,0.0,0,0.370790812,-0.351791376
CHEMBL563207,2.882488929,1,3,0.019992492,-0.521049546,1,5.316788604,0,0.456930271,-0.179569215
CHEMBL1272021,0.0,0,0,0.022717718,-0.547938436,1,15.95036581,0,0.498670874,-0.142318642
CHEMBL593000,0.0,0,2,0.024666667000000003,-0.274517096,0,0.0,0,0.501232212,0.181361251
CHEMBL592977,0.0,0,2,0.024666667000000003,-0.258138573,0,0.0,0,0.501232212,0.183121814
CHEMBL1163955,0.0,0,3,0.019335749,-0.17797647800000002,0,0.0,0,0.497193875,-0.090305096
CHEMBL1164843,0.0,0,4,0.019832176,-0.447096101,0,5.733667477000001,0,0.497193875,-0.075139469
CHEMBL229546,3.440154557,0,3,0.018604938,-0.466314952,0,10.30076712,0,0.497193875,0.189143996
CHEMBL500149,0.0,0,1,0.028326023,-0.320135277,0,14.21058886,0,0.179152493,-0.097345594
CHEMBL130025,2.986072137,0,3,0.011656746,-0.184954601,0,0.0,0,0.370790812,-0.146080918
CHEMBL441176,0.0,1,3,0.017303241,-0.200605254,1,9.467009379,0,0.7087065290000001,0.017535538
CHEMBL261701,0.0,0,3,0.020124521,-0.460225273,0,9.843390349,1,0.6746858379999999,0.124182059
CHEMBL480742,3.042928477,0,3,0.023367003,-0.630238434,0,10.717646,0,0.426752253,0.214496012
CHEMBL182354,0.0,0,4,0.023342014,-0.582572884,0,5.733667477000001,0,0.445480992,-0.020276456
CHEMBL3260623,3.296244567,1,4,0.015510336,-0.470901667,1,10.30076712,0,0.565235256,0.018522701000000003
CHEMBL1765756,2.877566846,1,2,0.028186275,-0.7193667970000001,1,11.46733495,0,0.368390572,-0.01394728
CHEMBL1957664,3.152815571,0,2,0.022207602000000003,-0.553666154,1,19.77449303,0,0.587267227,0.215174744
CHEMBL389078,3.399318783,0,2,0.018423913,-0.560601136,1,25.50816051,0,0.580527208,0.058282505
CHEMBL261674,0.0,0,3,0.017309942,-0.168193178,0,14.53668242,0,0.6746858379999999,0.201670059
CHEMBL387747,3.417162147,0,2,0.016578283,-0.488098052,1,19.77449303,0,0.580527208,0.08229494
CHEMBL3260570,3.4739774660000005,1,4,0.018525132,-0.4804474,1,10.30076712,0,0.580527208,0.023745311
CHEMBL3260593,3.441941846,1,4,0.016461353,-0.45664909,1,10.30076712,0,0.580527208,0.107415317
CHEMBL3260599,3.439832198,1,4,0.017202381,-0.489491606,1,10.30076712,0,0.580527208,0.104553216
CHEMBL3260604,3.323513143,1,4,0.017721088,-0.649105124,1,15.03763008,0,0.580527208,0.012090813999999998
CHEMBL3260606,3.460895298,1,4,0.018255814,-0.478255409,1,10.30076712,0,0.580527208,0.113403054
CHEMBL3260609,3.443142518,1,4,0.018061728,-0.457593338,1,10.30076712,0,0.580527208,0.107415317
CHEMBL3260585,3.4831146860000004,1,4,0.016578283,-0.479228025,1,10.30076712,0,0.580527208,0.107945313
CHEMBL3260597,3.431604912,1,4,0.017511574,-0.545894153,1,15.61755573,0,0.580527208,0.162513155
CHEMBL204158,0.0,1,3,0.015890023,-0.294049584,1,14.04082556,0,0.8294973409999999,0.058815581
CHEMBL202625,0.0,1,3,0.015266885,-0.306603047,1,14.04082556,0,0.8107686009999999,0.091457011
CHEMBL381532,0.0,1,3,0.015876906,-0.210888688,1,9.303962602,0,0.8107686009999999,0.17734937
CHEMBL3341950,0.0,0,1,0.03125,-0.40820438,0,20.68722877,0,0.33677012100000003,0.161699418
CHEMBL3260631,3.409713528,1,4,0.017118056,-0.400143089,1,15.03763008,0,0.6672973289999999,0.028331787
CHEMBL229496,3.441255118,0,2,0.017216184,-0.490486317,1,19.77449303,0,0.580527208,0.083711655
CHEMBL382466,2.824395738,0,3,0.025354167,-0.401165734,0,0.0,0,0.404811503,-0.321958105
CHEMBL204063,0.0,1,3,0.016847826,-0.311391129,1,9.673627043,1,0.7087065290000001,0.146316101
CHEMBL203162,2.976808123,0,3,0.015671835,-0.183745609,0,4.736862953999999,0,0.506873575,0.040375737
CHEMBL205736,2.944144148,0,3,0.017152778,-0.201462112,0,0.0,0,0.423540242,-0.00657036
CHEMBL3707019,3.482323397,0,3,0.017586806,-0.465967651,0,10.30076712,0,0.497193875,0.239447492
CHEMBL1835624,0.0,1,4,0.021873522000000003,-0.460501128,1,5.316788604,0,0.55274943,-0.000333162
CHEMBL1835535,0.0,1,4,0.021873522000000003,-0.457830485,1,5.316788604,0,0.568041382,-0.011871668
CHEMBL1835531,0.0,1,4,0.021100629,-0.653740483,1,10.05365156,0,0.568041382,-0.07366650400000001
CHEMBL1835712,0.0,1,4,0.022788889,-0.482023285,1,5.316788604,0,0.6336825229999999,0.056261955
CHEMBL1835628,0.0,1,4,0.030987179,-0.5632092120000001,1,5.316788604,0,0.55274943,-0.506848311
CHEMBL1835626,0.0,1,4,0.021873522000000003,-0.451268846,1,5.316788604,0,0.55274943,-0.069382779
CHEMBL1271632,0.0,0,0,0.019777778,-0.442993242,1,15.95036581,0,0.6738716459999999,-0.09626598
CHEMBL1272238,0.0,0,0,0.027578773,-0.561569098,1,25.75018527,0,0.48847624,0.029233103
CHEMBL205427,2.881451247,0,3,0.016960784,-0.231956531,0,0.0,0,0.404811503,-0.122013123
CHEMBL226733,3.449535594,0,3,0.021203704,-0.573014008,0,16.034434599999994,0,0.497193875,0.147437648
CHEMBL237570,0.0,0,2,0.027552682,-0.325698378,0,9.303962602,0,0.5208364010000001,-0.208405568
CHEMBL331703,0.0,0,3,0.023915598,-0.220286906,0,0.0,0,0.591352505,0.159455819
CHEMBL6204,0.0,0,2,0.020016835,-0.353456514,0,9.303962602,0,0.538603074,0.085497258
CHEMBL568357,2.898808979,0,3,0.022428571,-0.487663148,0,5.106527395,1,0.404811503,-0.05796401900000001
CHEMBL3260626,3.449215246,1,4,0.017295918,-0.390433187,1,19.77449303,0,0.565235256,0.102416046
CHEMBL376119,3.439788675,0,3,0.019244444,-0.57012711,0,16.034434599999994,0,0.497193875,0.147437648
CHEMBL382838,3.153856,1,3,0.016343844,-0.334325637,1,4.983978521,0,0.67124905,0.159725924
CHEMBL377717,0.0,1,3,0.018201754,-0.132161915,1,4.567099648,0,0.736890192,0.155955994
CHEMBL427211,0.0,1,3,0.019212963,-0.111563739,1,4.567099648,0,0.755618931,0.104503142
CHEMBL229547,3.457632039,0,3,0.017586806,-0.46487852,0,10.30076712,0,0.497193875,0.180716695
CHEMBL3261094,0.0,1,4,0.022438889,-0.506059791,1,11.05045608,0,0.580527208,0.054749202
CHEMBL2024687,0.0,0,3,0.023927469,-0.498203748,0,4.567099648,0,0.4142664270000001,-0.173517493
CHEMBL2024692,0.0,0,3,0.02246732,-0.487435299,0,0.0,0,0.343013034,0.043027501
CHEMBL260729,0.0,0,3,0.020124521,-0.446073582,0,10.47053043,0,0.6746858379999999,0.106544124
CHEMBL261625,0.0,0,3,0.019231151,-0.225633566,0,9.473725907999999,0,0.560137939,0.225391018
CHEMBL2435045,0.0,0,2,0.020433333,-0.514364527,2,9.473725907999999,0,0.844910031,-0.009113463
CHEMBL576062,0.0,0,4,0.026531987000000003,-0.582931903,0,5.733667477000001,0,0.442044204,-0.020276456
CHEMBL566234,2.976755629,0,3,0.019547804,-0.233273385,0,10.05365156,0,0.506873575,-0.012303945
CHEMBL122583,0.0,0,3,0.017071256,-0.164263889,0,0.0,0,0.587915717,0.23411334
CHEMBL120907,0.0,0,2,0.020016835,-0.191685757,0,4.736862953999999,0,0.538603074,0.135600563
CHEMBL409331,0.0,0,3,0.019603175,-0.17427328399999995,0,9.636772685,0,0.6746858379999999,0.259755201
CHEMBL565815,0.0,0,3,0.020705556,-0.384874446,0,5.316788604,0,0.591352505,0.264914204
CHEMBL121790,0.0,0,2,0.017589868999999998,-0.191806286,0,0.0,0,0.519874335,0.170573895
CHEMBL437118,2.923171926,0,3,0.02125,-0.23116560100000005,0,0.0,0,0.404811503,-0.06369142700000001
CHEMBL332344,0.0,0,3,0.018731884,-0.174786887,0,0.0,0,0.572623765,0.247996794
CHEMBL379700,2.9781886010000003,0,3,0.019547804,-0.254944026,0,4.736862953999999,0,0.506873575,-0.000956942
CHEMBL120718,0.0,0,2,0.019020062,-0.185833591,0,0.0,0,0.504582384,0.287899334
CHEMBL1765760,2.875927186,1,2,0.027083333,-0.7025546559999999,1,16.78412356,0,0.368390572,-0.144329753
CHEMBL362710,0.0,0,3,0.017907986,-0.599804962,0,5.733667477000001,0,0.442044204,0.149239556
CHEMBL1766441,0.0,0,3,0.022233333,-0.369149404,0,5.316788604,0,0.497193875,0.118958383
CHEMBL1765757,2.900329192,1,2,0.031099034,-0.7265804570000001,1,11.46733495,0,0.368390572,-0.160547034
CHEMBL1614771,2.756315873,1,2,0.028409091,-0.7072392209999999,1,16.78412356,0,0.368390572,0.017275946
CHEMBL205260,2.953259375,0,3,0.017777778,-0.201027861,0,0.0,0,0.404811503,-0.08730893
CHEMBL341280,3.058711026,0,3,0.015737847,-0.27855636100000003,0,0.0,0,0.370790812,0.055380872000000005
CHEMBL1766453,0.0,0,3,0.019958629,-0.293679422,0,5.316788604,0,0.515922614,0.04017236
CHEMBL267228,3.431526597,0,2,0.027270833,-0.482607603,1,19.56423182,1,0.586770121,-0.267872957
CHEMBL126180,0.0,0,3,0.016530864,-0.113664258,0,0.0,0,0.534651353,-0.05974289400000001
CHEMBL266706,0.0,0,2,0.018689236,-0.505981356,0,4.567099648,0,0.538603074,-0.045754448
CHEMBL566254,0.0,0,1,0.031637427,-0.4299115,0,5.316788604,0,0.435395406,-0.231682985
CHEMBL1272022,0.0,0,0,0.021556373,-0.5210519610000001,1,15.95036581,0,0.692600385,-0.248345997
CHEMBL1272127,0.0,0,0,0.026193078,-0.5915254670000001,1,15.53348694,0,0.48847624,-0.06798910400000001
CHEMBL1765877,2.889912525,1,2,0.031099034,-0.664744157,1,16.36724469,0,0.368390572,-0.301690424
CHEMBL204575,2.943854668,0,3,0.019744152,-0.252164213,0,4.736862953999999,0,0.404811503,0.117933145
CHEMBL380916,2.948625157,0,3,0.018100775,-0.357011244,0,4.899909731,0,0.488144836,-0.01493166
CHEMBL203791,0.0,1,3,0.016611111,-0.218222475,1,9.467009379,0,0.7087065290000001,0.224153519
CHEMBL268889,0.0,0,2,0.017277778,-0.441054548,1,14.04082556,0,0.68997779,0.056121405
CHEMBL259821,0.0,0,3,0.021229424,-0.334527235,0,10.21669833,0,0.591352505,0.123649413
CHEMBL1835620,0.0,1,4,0.023390023,-0.409137268,1,10.05365156,0,0.568041382,-0.00562471
CHEMBL2088218,0.0,1,4,0.017295918,-0.407145483,1,14.79051451,0,0.565235256,-0.035258297
CHEMBL2088215,0.0,1,4,0.015510336,-0.5169659120000001,1,5.316788604,0,0.565235256,-0.158492006
CHEMBL2087968,0.0,1,4,0.01587963,-0.51470179,1,5.316788604,0,0.580527208,-0.109473632
CHEMBL2087967,0.0,1,4,0.01587963,-0.529882877,1,5.316788604,0,0.580527208,-0.051062049000000005
CHEMBL511563,0.0,1,3,0.021779279,-0.248941338,1,4.736862953999999,0,0.494387749,-0.101111812
CHEMBL1766456,0.0,0,3,0.018050109,-0.292727912,0,5.316788604,0,0.497193875,0.037885428
CHEMBL1164971,0.0,0,3,0.019335749,-0.17718162699999998,0,0.0,0,0.497193875,-0.186861551
CHEMBL126676,2.989609552,0,2,0.014712963,-0.177681703,0,0.0,0,0.389519551,-0.069972558
CHEMBL565643,0.0,0,3,0.023342014,-0.61124076,0,5.733667477000001,0,0.445480992,-0.146469265
CHEMBL6250,3.3361517380000003,0,2,0.028130081,-0.563650254,1,19.56423182,1,0.586770121,-0.267804675
CHEMBL3707023,3.443777636,0,2,0.018255814,-0.491322009,1,19.77449303,0,0.580527208,0.14167976599999998
CHEMBL129677,3.079544359,0,3,0.015737847,-0.239593872,0,0.0,0,0.370790812,0.116318779
CHEMBL129760,0.0,0,2,0.025684524,-0.186602132,0,4.736862953999999,0,0.374002823,0.156443665
CHEMBL261702,0.0,0,3,0.019722222,-0.35257841,0,9.636772685,0,0.6746858379999999,-0.00604812
CHEMBL3260576,3.4661649660000005,1,4,0.019103535,-0.479944422,1,10.30076712,0,0.580527208,0.093694046
CHEMBL3260583,3.4574105960000003,1,4,0.01587963,-0.485161823,1,10.30076712,0,0.580527208,0.112460327
CHEMBL3260587,3.4518646860000004,1,4,0.016578283,-0.428414258,1,15.03763008,0,0.580527208,0.099183371
CHEMBL573287,0.0,0,3,0.021479328,-0.41103314,0,14.79051451,0,0.324284295,0.001438718
CHEMBL120245,0.0,0,3,0.018819444,-0.17381118399999998,0,0.0,0,0.587915717,0.102367192
CHEMBL584928,0.0,0,3,0.019909188,-0.552783052,0,4.736862953999999,0,0.591352505,0.108255663
CHEMBL121554,0.0,0,3,0.019583333,-0.150276481,0,0.0,0,0.591352505,0.202080498
CHEMBL119936,0.0,0,3,0.019832176,-0.145254541,0,0.0,0,0.591352505,0.20311932
CHEMBL338196,3.287572515,0,3,0.017621951,-0.224061372,0,0.0,0,0.6825892809999999,0.07681462
CHEMBL204170,0.0,1,3,0.018033033,-0.22533819,1,4.567099648,0,0.755618931,0.012615746
CHEMBL205271,2.95163541,0,3,0.020839002,-0.319510786,0,9.636772685,0,0.506873575,-0.028722433
CHEMBL1164022,0.0,0,3,0.019832176,-0.446730587,0,5.733667477000001,0,0.497193875,-0.096214942
CHEMBL1165694,0.0,0,4,0.019335749,-0.217130007,0,0.0,0,0.497193875,-0.05783295
CHEMBL1164957,3.463603867,0,3,0.019832176,-0.597167441,0,10.717646,0,0.497193875,-0.036985795
CHEMBL1835713,0.0,1,4,0.023114316,-0.596773509,1,11.05045608,0,0.6336825229999999,0.02996671
CHEMBL1835524,0.0,1,4,0.0215625,-0.446693306,1,5.316788604,0,0.568041382,-0.046718383
CHEMBL565644,0.0,1,3,0.019,-0.184711522,1,9.467009379,0,0.727435268,-0.02657287
CHEMBL269339,3.261363142,0,2,0.031637427,-0.623957903,0,10.09050592,1,0.435395406,-0.244430945
CHEMBL122414,0.0,0,2,0.018348765,-0.300888728,0,5.106527395,1,0.519874335,0.16937558600000002
CHEMBL1165063,0.0,0,3,0.019832176,-0.447882074,0,5.733667477000001,0,0.497193875,-0.187819783
CHEMBL1766444,0.0,0,3,0.022580128,-0.50909623,0,11.05045608,0,0.497193875,0.095199226
CHEMBL3260625,3.483744567,1,4,0.015510336,-0.4792537120000001,1,10.30076712,0,0.565235256,-0.004528150999999999
CHEMBL411297,0.0,0,3,0.020057652,-0.191225476,0,9.636772685,0,0.591352505,0.257091788
CHEMBL341534,2.931238662,0,3,0.017822581,-0.215507722,0,0.0,0,0.370790812,0.04054534
CHEMBL496862,0.0,0,0,0.021393298,-0.499536854,1,15.53348694,0,0.5905383129999999,-0.15339530699999998
CHEMBL1271966,0.0,0,0,0.020735043,-0.5065578079999999,1,15.53348694,0,0.5905383129999999,-0.049746835
CHEMBL500435,0.0,0,0,0.018050109,-0.463075122,1,10.63357721,0,0.605830264,-0.17595893199999998
CHEMBL1269806,0.0,0,0,0.026122848,-0.48858673,1,25.3333064,0,0.571809573,0.021034902
CHEMBL1272181,0.0,0,0,0.027535354,-0.6242355620000001,1,20.64001433,1,0.48847624,-0.200195034
CHEMBL1272236,0.0,0,0,0.02705653,-0.569022307,1,20.27034989,0,0.48847624,-0.21719215100000006
CHEMBL1272237,0.0,0,0,0.024583333,-0.556202737,1,15.53348694,0,0.507204979,-0.17703522300000002
CHEMBL1272020,0.0,0,0,0.029944444,-0.524910765,1,25.75018527,0,0.479942135,0.056466216
CHEMBL447486,0.0,0,3,0.022833333,-0.594308852,0,5.733667477000001,0,0.442044204,0.13772917099999998
CHEMBL575720,0.0,0,3,0.018686869,-0.381642101,0,19.69042424,0,0.426346367,0.153846136
CHEMBL1165041,3.423603867,0,4,0.019832176,-0.5838248970000001,0,10.717646,0,0.497193875,0.078565136
CHEMBL330814,0.0,0,2,0.017589868999999998,-0.373601613,0,5.106527395,1,0.519874335,0.17010372399999998
CHEMBL550483,0.0,1,3,0.019992492,-0.5540662239999999,1,5.316788604,0,0.456930271,-0.04144356
CHEMBL1835623,0.0,1,4,0.021873522000000003,-0.444193507,1,5.316788604,0,0.55274943,-0.056371609
CHEMBL1824432,0.0,0,3,0.022233333,-0.364626967,0,5.316788604,0,0.497193875,0.194576886
CHEMBL1828640,2.931798469,0,4,0.017482638999999998,-0.079421802,0,0.0,0,0.507370681,0.054638340999999986
CHEMBL1829512,2.969760485,0,4,0.021666667,-0.251949607,0,9.799819462,0,0.488144836,0.0387894
CHEMBL1271470,0.0,0,0,0.025863248,-0.5259636520000001,1,25.3333064,0,0.48847624,-0.132036066
CHEMBL496861,0.0,0,0,0.022094718,-0.492426928,1,15.53348694,0,0.5905383129999999,-0.269750909
CHEMBL1272291,0.0,0,0,0.027987118,-0.527598219,1,25.3333064,0,0.48847624,-0.016064923999999998
CHEMBL2325040,0.0,0,3,0.018049517,-0.33762026700000003,0,0.0,0,0.515922614,-0.053473492
CHEMBL2324828,0.0,0,3,0.018439153,-0.388301209,0,0.0,0,0.413860541,-0.09620326
CHEMBL3260629,3.390129047,1,4,0.018660131,-0.430597658,1,15.20067686,0,0.565235256,-0.154970602
CHEMBL3260630,3.416657973,1,4,0.01730303,-0.433129958,1,10.30076712,0,0.6672973289999999,-0.048698682
CHEMBL3260899,3.492013787,1,4,0.016739526,-0.392283793,1,15.03763008,0,0.6672973289999999,0.090741658
CHEMBL3260907,3.492013787,1,4,0.016365348000000002,-0.3952024870000001,1,15.03763008,0,0.6672973289999999,0.054295574000000006
CHEMBL1957662,3.39688681,0,2,0.016801802,-0.574318121,1,19.56423182,1,0.5997530529999999,0.084383975
CHEMBL524647,0.0,0,0,0.020952381000000003,-0.549760514,1,15.95036581,0,0.5905383129999999,-0.112326753
CHEMBL1272128,0.0,0,0,0.028380952,-0.573853787,1,20.85027554,0,0.48847624,0.041253523
CHEMBL606376,0.0,0,2,0.024980159,-0.26337396,0,4.736862953999999,0,0.501232212,0.184902224
CHEMBL606919,0.0,0,2,0.02447601,-0.226589561,0,4.736862953999999,0,0.501232212,0.069039365
CHEMBL1824226,0.0,0,3,0.019958629,-0.360663314,0,5.316788604,0,0.515922614,0.231529665
CHEMBL2087975,0.0,1,4,0.018255814,-0.453087552,1,10.05365156,0,0.580527208,-0.045200869000000005
CHEMBL1957660,3.248213341,0,2,0.017268519,-0.564706551,1,19.56423182,1,0.5997530529999999,0.091416041
CHEMBL1957663,3.1641654860000004,0,2,0.019786822,-0.541467451,1,19.77449303,0,0.6893293,0.101597701
CHEMBL1835536,0.0,1,4,0.021873522000000003,-0.452146631,1,5.316788604,0,0.568041382,-0.088683248
CHEMBL1835527,0.0,1,4,0.021141304,-0.464014264,1,5.316788604,0,0.568041382,-0.005909804
CHEMBL1957661,3.336985072,0,2,0.020354938,-0.572548808,1,19.56423182,1,0.5997530529999999,0.08800769300000001
CHEMBL1765758,2.90925309,1,2,0.028975096,-0.6846449659999999,1,11.46733495,0,0.470452644,-0.104799562
CHEMBL3341954,0.0,0,1,0.031179138,-0.327936535,0,29.744075800000005,0,0.308992343,0.147797858
CHEMBL2024693,2.651428279,0,3,0.017547425,-0.547637949,0,4.983978521,0,0.572623765,-0.160079005
CHEMBL1835709,0.0,1,4,0.021141304,-0.384539634,1,10.21669833,0,0.568041382,0.002497752
CHEMBL1835525,0.0,1,4,0.02195,-0.5699658670000001,1,11.05045608,0,0.568041382,-0.062069435
CHEMBL1835112,0.0,1,4,0.020376543,-0.447369124,1,5.316788604,0,0.586770121,-0.007790885
CHEMBL186966,0.0,0,3,0.020962963,-0.604704476,0,5.733667477000001,0,0.460772944,-0.021022889
CHEMBL565645,0.0,0,3,0.018823232,-0.317497327,0,10.05365156,0,0.591352505,0.156643318
CHEMBL119976,0.0,0,3,0.016426768,-0.157959343,0,0.0,0,0.587915717,0.24579157
CHEMBL325405,0.0,0,3,0.019392765,-0.174410426,0,0.0,0,0.587915717,0.311330625
CHEMBL278724,3.423052485,0,2,0.030855556,-0.426089424,0,9.720841475,0,0.364547899,-0.14499214400000002
CHEMBL120587,0.0,0,3,0.019038889,-0.231901572,0,4.736862953999999,0,0.572623765,0.322227203
CHEMBL206017,2.948727373,0,3,0.020235507,-0.36152442,0,10.05365156,0,0.506873575,-0.033686659
CHEMBL1765759,2.860302186,1,2,0.027083333,-0.645803152,1,16.20419791,0,0.368390572,-0.16792529899999994
CHEMBL1835526,0.0,1,4,0.021141304,-0.463762225,1,5.316788604,0,0.568041382,-0.026129069
CHEMBL2321907,0.0,0,3,0.018583333,-0.388309659,0,0.0,0,0.413860541,0.016170129
CHEMBL181958,0.0,0,4,0.020236928,-0.616256033,0,5.733667477000001,0,0.460772944,0.060183012
CHEMBL1766451,0.0,0,3,0.018050109,-0.366585181,0,5.316788604,0,0.497193875,0.060030897
CHEMBL1765762,2.920686564,1,2,0.023075397,-0.703084157,1,16.78412356,0,0.470452644,-0.190684771
CHEMBL604261,0.0,0,2,0.024666667000000003,-0.241164398,0,0.0,0,0.501232212,0.107537454
CHEMBL593708,0.0,0,2,0.024980159,-0.248245178,0,0.0,0,0.501232212,0.179832255
CHEMBL2385591,0.0,1,3,0.020050505,-0.238910057,1,10.21669833,0,0.5964498220000001,0.17255163899999998
CHEMBL1835523,0.0,1,4,0.023539095,-0.649103333,1,10.05365156,0,0.568041382,-0.07366650400000001
CHEMBL1835528,0.0,1,4,0.021141304,-0.44927262,1,5.316788604,0,0.568041382,-0.067848011
CHEMBL1957659,2.856083711,0,2,0.023871528,-0.563537536,1,19.56423182,1,0.587267227,0.160081353
CHEMBL2087976,0.0,1,4,0.017721088,-0.690836208,1,10.05365156,0,0.580527208,-0.093066653
CHEMBL203214,0.0,1,3,0.019212963,-0.224753402,1,4.567099648,0,0.755618931,0.012615746
CHEMBL3260567,3.3515284860000003,1,4,0.018525132,-0.483831348,1,10.30076712,0,0.580527208,0.099391177
CHEMBL388978,0.0,0,2,0.026680985,-0.478303238,0,29.24150241,0,0.8578562670000001,0.190246685
CHEMBL2087974,0.0,1,4,0.017202381,-0.5148478439999999,1,5.316788604,0,0.580527208,-0.109473632
CHEMBL2024686,0.0,0,3,0.022476852,-0.480852615,0,4.567099648,0,0.4142664270000001,-0.329075781
CHEMBL2024689,0.0,0,3,0.022668129,-0.500327496,0,4.567099648,0,0.386082763,-0.152100369
CHEMBL1835530,0.0,1,4,0.022021277,-0.405084873,1,10.05365156,0,0.568041382,-0.0058011090000000005
CHEMBL1835533,0.0,1,4,0.024021991,-0.573384718,1,11.05045608,0,0.568041382,-0.062069435
CHEMBL377711,0.0,1,3,0.015876906,-0.210045135,1,9.467009379,0,0.8107686009999999,0.096517023
CHEMBL482729,0.0,0,1,0.021556713,-0.321966057,0,14.21058886,0,0.293700392,-0.135160967
CHEMBL2024691,2.627701427,0,3,0.019617117,-0.541535578,0,4.983978521,0,0.39856859,-0.08259546799999999
CHEMBL584901,0.0,1,3,0.018201754,-0.244587902,1,4.567099648,0,0.736890192,0.070820751
CHEMBL582791,0.0,0,3,0.019976852,-0.64777644,0,5.733667477000001,0,0.442044204,0.177800175
CHEMBL574621,0.0,0,2,0.021037582000000003,-0.355080494,0,24.26424042,0,0.240950962,-0.028296842000000006
CHEMBL125738,3.0168794880000003,0,2,0.020241546000000003,-0.246228038,0,0.0,0,0.30274943,0.040481547
CHEMBL1271472,0.0,0,0,0.020728597,-0.541590345,1,15.95036581,0,0.5905383129999999,-0.110996491
CHEMBL1272182,0.0,0,0,0.02875,-0.540011196,1,20.43339667,0,0.48847624,-0.003128374
CHEMBL497724,0.0,0,0,0.021431262000000003,-0.535014358,1,15.95036581,0,0.5905383129999999,-0.195504618
CHEMBL1271578,0.0,0,0,0.020625,-0.539737815,1,15.95036581,0,0.5905383129999999,-0.135271935
CHEMBL1271577,0.0,0,0,0.025033525,-0.533306299,1,20.85027554,0,0.48847624,-0.16378479
CHEMBL1271683,0.0,0,0,0.028326118,-0.570768064,1,20.43339667,0,0.48847624,-0.012724531
CHEMBL1271965,0.0,0,0,0.027945736,-0.566063242,1,25.75018527,0,0.396608802,-0.052968855
CHEMBL1272076,0.0,0,0,0.030099715,-0.567232162,1,25.75018527,0,0.396608802,-0.10927885
CHEMBL482728,0.0,0,1,0.019290123,-0.309268411,0,14.21058886,0,0.308992343,-0.089288083
CHEMBL260240,0.0,0,3,0.018318182,-0.5957413810000001,0,4.736862953999999,0,0.572623765,0.162742411
CHEMBL409525,0.0,0,3,0.020443376,-0.184376793,0,9.636772685,0,0.591352505,0.139999268
CHEMBL260147,0.0,0,3,0.019583333,-0.34042950200000005,0,5.106527395,1,0.591352505,0.1687753
CHEMBL408181,0.0,0,3,0.020188679,-0.38183437,0,4.736862953999999,0,0.572623765,0.15732273300000002
CHEMBL205158,2.967866825,0,3,0.019547804,-0.230681941,0,9.473725907999999,0,0.506873575,0.215529527
CHEMBL383523,2.843224727,0,3,0.025084877,-0.403861432,0,0.0,0,0.404811503,-0.321958105
CHEMBL203619,0.0,1,3,0.017613636000000002,-0.29676558,1,9.673627043,1,0.727435268,0.104254369
CHEMBL202943,2.930680267,0,3,0.021534722000000003,-0.269653478,0,4.736862953999999,0,0.404811503,0.018077482
CHEMBL381948,2.9020229360000003,0,3,0.02,-0.254495542,0,0.0,0,0.404811503,-0.007373462
CHEMBL383433,2.955525321,0,3,0.016960784,-0.20172074,0,0.0,0,0.404811503,-0.022226636
CHEMBL129280,2.905315571,0,2,0.014611111,-0.16810701600000005,0,0.0,0,0.340206909,-0.019411961
CHEMBL1271736,0.0,0,0,0.024262023,-0.558635907,1,25.75018527,0,0.48847624,-0.033069412
CHEMBL1272180,0.0,0,0,0.023046737,-0.508972725,1,15.53348694,0,0.48847624,-0.047333500999999986
CHEMBL1271910,0.0,0,0,0.020070547,-0.525326608,1,21.05689321,1,0.5905383129999999,-0.10297673
CHEMBL1271576,0.0,0,0,0.025435897,-0.560439169,1,25.75018527,0,0.48847624,0.05921789
CHEMBL229598,3.423411754,0,2,0.018958333,-0.5627624379999999,1,25.50816051,0,0.580527208,0.058986671
CHEMBL129153,3.1478313960000004,0,3,0.019527027,-0.268794011,0,0.0,0,0.442044204,0.157516955
CHEMBL129553,3.035250378,0,2,0.016111111,-0.210547422,0,0.0,0,0.321478169,0.040510395
CHEMBL513147,0.0,1,3,0.020050505,-0.23638142,1,10.21669833,0,0.5964498220000001,0.17255163899999998
CHEMBL2024688,2.6137160880000003,0,3,0.021348039,-0.541168953,0,4.983978521,0,0.426752253,-0.192276039
CHEMBL205570,2.981252568,0,3,0.017043651,-0.17524546600000002,0,0.0,0,0.506873575,-0.053180687
CHEMBL203436,2.91912867,0,3,0.021966967,-0.393928416,0,4.736862953999999,0,0.404811503,-0.08973181300000001
CHEMBL426852,2.79978458,0,3,0.021647287,-0.38633065,0,0.0,0,0.404811503,-0.256875811
CHEMBL202891,2.9426852410000004,0,3,0.02125,-0.247048909,0,4.736862953999999,0,0.404811503,-0.00234766
CHEMBL258641,0.0,0,3,0.018406433,-0.275857371,0,4.736862953999999,0,0.6746858379999999,0.132030286
CHEMBL3634712,3.248542848,1,4,0.020678295,-0.481754917,1,10.30076712,0,0.565235256,0.08800399099999999
CHEMBL484907,0.0,0,1,0.025270062000000003,-0.319870863,0,14.21058886,0,0.191638319,-0.099600321
CHEMBL3634711,3.3515284860000003,1,4,0.018525132,-0.47411027,1,10.30076712,0,0.583963996,0.099391177
CHEMBL1271796,0.0,0,0,0.024766506,-0.5245239420000001,1,25.3333064,0,0.48847624,-0.07360045900000001
CHEMBL1272289,0.0,0,0,0.024439484,-0.541652393,1,20.85027554,0,0.48847624,-0.25968728
CHEMBL1829505,2.9199957480000003,0,4,0.015981481000000002,-0.32068769,0,0.0,0,0.404811503,-0.051467368
CHEMBL2088214,0.0,1,4,0.018094315,-0.517898,1,5.316788604,0,0.565235256,-0.059989075
CHEMBL2087972,0.0,1,4,0.017202381,-0.527905107,1,5.316788604,0,0.580527208,-0.059861316
CHEMBL2087982,0.0,1,4,0.018094315,-0.486673331,1,5.316788604,0,0.565235256,-0.022888577
CHEMBL1272078,0.0,0,0,0.021344086,-0.494385526,1,15.53348694,0,0.5905383129999999,-0.269750909
CHEMBL1271524,0.0,0,0,0.024920635,-0.5919797929999999,1,26.16706415,0,0.48847624,0.104376849
CHEMBL2088219,0.0,1,4,0.018423913,-0.616880682,1,11.05045608,0,0.580527208,-0.09881335
CHEMBL2087984,0.0,1,4,0.015510336,-0.51641808,1,5.316788604,0,0.565235256,-0.080300829
CHEMBL565814,0.0,0,3,0.021086745,-0.496359486,0,15.53348694,0,0.591352505,0.121828523
CHEMBL333798,0.0,0,2,0.023805556,-0.378383347,0,0.0,0,0.519874335,0.24201043
CHEMBL567706,2.981528903,0,3,0.019186508,-0.149921117,0,4.899909731,0,0.404811503,-0.089932888
CHEMBL121795,0.0,0,3,0.017208995,-0.13387489800000002,0,0.0,0,0.606644456,0.199920497
CHEMBL585109,0.0,0,3,0.018807471,-0.492704095,0,15.53348694,0,0.591352505,0.043820913
CHEMBL118339,0.0,0,2,0.017589868999999998,-0.098268934,0,0.0,0,0.519874335,0.121012046
CHEMBL1829511,2.950959457,0,4,0.018299458,-0.301862724,0,9.636772685,0,0.404811503,-0.126852066
CHEMBL1765730,2.93758028,1,2,0.029793907,-0.675964481,1,16.36724469,0,0.451723905,-0.016597478
CHEMBL1765876,2.901779097,1,2,0.020833333,-0.7008935279999999,1,16.78412356,0,0.470452644,-0.17344225300000002
CHEMBL594371,0.0,0,2,0.024980159,-0.243647711,0,0.0,0,0.501232212,0.185030291
CHEMBL595556,0.0,0,2,0.024666667000000003,-0.253634987,0,0.0,0,0.501232212,0.180097285
CHEMBL1765761,2.8941576380000003,1,2,0.029513889,-0.7223530659999999,1,16.78412356,0,0.368390572,-0.028829237
CHEMBL1835629,0.0,1,4,0.022608932,-0.376772095,1,14.79051451,0,0.55274943,0.000607223
CHEMBL1835521,0.0,1,4,0.023376068,-0.523585744,1,5.316788604,0,0.568041382,-0.298085971
CHEMBL593725,0.0,0,3,0.024502924,-0.239653294,0,0.0,0,0.5199609510000001,0.165603172
CHEMBL1835622,0.0,1,4,0.021873522000000003,-0.4282718,1,5.316788604,0,0.55274943,0.0913628
CHEMBL2087978,0.0,1,4,0.018525132,-0.519604854,1,5.316788604,0,0.580527208,-0.150183473
CHEMBL2087979,0.0,1,4,0.018525132,-0.526257789,1,5.316788604,0,0.580527208,-0.036163756
CHEMBL2087965,0.0,1,4,0.016266938,-0.512130437,1,5.316788604,0,0.5992559470000001,-0.051326159
CHEMBL1766455,0.0,0,3,0.015561343,-0.282103688,0,5.316788604,0,0.515922614,0.073898301
CHEMBL1824444,0.0,0,3,0.022580128,-0.496053375,0,11.05045608,0,0.497193875,0.16265015
CHEMBL2088213,0.0,1,4,0.015510336,-0.5408634139999999,1,5.316788604,0,0.565235256,-0.051121824
CHEMBL226734,3.3685510360000004,0,2,0.016578283,-0.5624663560000001,1,19.77449303,0,0.580527208,-0.21239222
CHEMBL2385586,2.829496039,1,3,0.020078125,-0.183400898,1,10.21669833,0,0.52840844,0.106858546
CHEMBL1808264,0.0,0,3,0.023985185,-0.519432719,0,14.95356129,0,0.571478169,-0.239181539
CHEMBL2385596,0.0,1,3,0.022074074,-0.18124739,1,9.799819462,0,0.577721083,0.08688885800000001
CHEMBL3260905,3.4679325710000004,1,4,0.019809671,-0.42517231,1,15.20067686,0,0.565235256,-0.135220414
CHEMBL3260573,3.451177721,1,4,0.019103535,-0.43884276,1,15.03763008,0,0.580527208,0.099353236
CHEMBL3260578,3.387030187,1,4,0.019631643,-0.567142169,1,16.034434599999994,0,0.580527208,0.02100391
CHEMBL3260584,3.4691293460000003,1,4,0.01587963,-0.477640009,1,10.30076712,0,0.580527208,0.043815952000000005
CHEMBL3260586,3.491891692,1,4,0.018423913,-0.4825104770000001,1,10.30076712,0,0.580527208,0.061801595999999986
CHEMBL3260614,3.272393707,1,4,0.018094315,-0.453459469,1,10.30076712,0,0.565235256,0.195260496
CHEMBL2088220,0.0,1,4,0.02052399,-0.6177981370000001,1,11.05045608,0,0.580527208,-0.09881335
CHEMBL2088217,0.0,1,4,0.018031915,-0.417454668,1,14.79051451,0,0.565235256,-0.03525477
CHEMBL2088221,0.0,1,4,0.016266938,-0.5096829589999999,1,5.316788604,0,0.5992559470000001,-0.189357834
CHEMBL2087983,0.0,1,4,0.016802326,-0.493959308,1,5.316788604,0,0.565235256,0.06743358
CHEMBL182678,0.0,0,3,0.019976852,-0.592753801,0,5.733667477000001,0,0.442044204,0.167231394
CHEMBL1957653,3.37710223,0,2,0.019427083,-0.510259793,1,20.19137191,0,0.5997530529999999,0.127640194
CHEMBL1835627,0.0,1,4,0.021873522000000003,-0.450356662,1,5.316788604,0,0.55274943,-0.118634245
CHEMBL1835625,0.0,1,4,0.021873522000000003,-0.465198365,1,5.316788604,0,0.55274943,-0.0043526070000000005
CHEMBL1824440,0.0,0,3,0.019958629,-0.296897301,0,5.316788604,0,0.515922614,0.119945898
CHEMBL2435034,0.0,0,2,0.022691358,-0.53047808,1,14.79051451,0,0.580527208,0.017696658
CHEMBL3634801,3.359970868,1,4,0.018679012,-0.475728738,1,10.30076712,0,0.565235256,0.121527132
CHEMBL3634710,3.212084042,1,4,0.018390152,-0.47623177,1,10.30076712,0,0.565235256,0.053263346
CHEMBL3634705,3.15236182,1,4,0.02227657,-0.466193216,1,10.30076712,0,0.565235256,0.08800399099999999
CHEMBL3261083,3.338869835,1,4,0.019103535,-0.5498432670000001,1,10.30076712,0,0.5992559470000001,0.039128199
CHEMBL3260565,3.496180792,1,4,0.016266938,-0.455230021,1,4.983978521,0,0.5992559470000001,-0.018124704
CHEMBL3260588,3.296123945,1,4,0.019311111,-0.645315978,1,15.03763008,0,0.580527208,0.012090813999999998
CHEMBL3260595,3.411436445,1,4,0.018234954,-0.510684013,1,15.03763008,0,0.580527208,0.037871111
CHEMBL3260600,3.456636039,1,4,0.017202381,-0.487790119,1,10.30076712,0,0.580527208,0.112460327
CHEMBL3260617,3.448528282,1,4,0.018813657,-0.407091719,1,19.77449303,0,0.565235256,0.102581797
CHEMBL3260564,3.392014125,1,4,0.016266938,-0.430355337,1,9.720841475,0,0.5992559470000001,0.096757319
CHEMBL1824436,0.0,0,3,0.022085954,-0.369992146,0,5.316788604,0,0.497193875,0.221314604
CHEMBL2385579,2.825589789,1,3,0.020078125,-0.159097391,1,9.636772685,0,0.52840844,0.050385055
CHEMBL3260618,3.3726787289999995,1,4,0.018813657,-0.445399717,1,10.30076712,0,0.565235256,0.065753878
CHEMBL3260900,3.44506787,1,4,0.019636752,-0.419005939,1,15.20067686,0,0.565235256,0.003982174000000001
CHEMBL3260615,3.412522676,1,4,0.018094315,-0.4838493370000001,1,10.30076712,0,0.565235256,0.107132878
CHEMBL261762,0.0,0,3,0.019038889,-0.203740557,0,4.736862953999999,0,0.591352505,0.26889838
CHEMBL411741,0.0,0,3,0.017071256,-0.189029356,0,0.0,0,0.572623765,0.26137306
CHEMBL1835630,0.0,1,4,0.022803983,-0.363671802,1,14.79051451,0,0.55274943,0.000603696
CHEMBL1835621,0.0,1,4,0.022873563,-0.650360245,1,10.05365156,0,0.568041382,-0.073490106
CHEMBL3260627,3.378489386,1,4,0.02228588,-0.430073613,1,15.20067686,0,0.565235256,0.036070608
CHEMBL1766454,0.0,0,3,0.022233333,-0.303383008,0,5.316788604,0,0.497193875,0.000613586
CHEMBL4279935,0.0,0,3,0.0291875,-0.143806973,0,0.0,0,0.668554103,-0.16942196699999998
CHEMBL4277446,0.0,0,2,0.031185637,-0.386069783,0,5.106527395,1,0.6498253629999999,-0.218005602
CHEMBL3260582,3.436143235,1,4,0.01587963,-0.486116823,1,10.30076712,0,0.580527208,0.104553216
CHEMBL3260611,3.4191427560000003,1,4,0.020235507,-0.51383803,1,15.03763008,0,0.580527208,0.037871111
CHEMBL3260580,3.427411502,1,4,0.019033333,-0.552294678,1,15.61755573,0,0.580527208,0.16999566800000002
CHEMBL3260610,3.430010524,1,4,0.02052399,-0.473621369,1,10.30076712,0,0.580527208,0.110392038
CHEMBL1766440,0.0,0,3,0.019958629,-0.365062041,0,5.316788604,0,0.515922614,0.156490673
CHEMBL3261096,0.0,1,4,0.022071759,-0.326087495,1,5.316788604,0,0.580527208,-0.035547949
CHEMBL3260571,3.491994048,1,4,0.019103535,-0.481749169,1,10.30076712,0,0.580527208,0.08940548300000001
CHEMBL3260575,3.485191327,1,4,0.019103535,-0.478851555,1,10.30076712,0,0.580527208,0.08776588199999999
CHEMBL3260581,3.3753793460000003,1,4,0.01587963,-0.482091206,1,10.30076712,0,0.580527208,0.064650533
CHEMBL3260601,3.465895298,1,4,0.017202381,-0.477825808,1,10.30076712,0,0.580527208,0.043815952000000005
CHEMBL3260608,3.410010524,1,4,0.02052399,-0.577750268,1,16.034434599999994,0,0.580527208,0.040712918
CHEMBL3260589,3.477906352,1,4,0.016578283,-0.475315554,1,10.30076712,0,0.580527208,0.115822016
CHEMBL3260590,3.462956507,1,4,0.016578283,-0.477260156,1,10.30076712,0,0.580527208,0.113403054
CHEMBL1766450,0.0,0,3,0.015561343,-0.362222339,0,5.316788604,0,0.515922614,0.092769878
CHEMBL3260621,3.480510519,1,4,0.016802326,-0.479963407,1,10.30076712,0,0.565235256,0.04301022
CHEMBL3260628,3.390129047,1,4,0.020144444,-0.434366461,1,15.20067686,0,0.565235256,-0.08456199199999999
CHEMBL2024690,2.599100867,0,3,0.020601852,-0.535352745,0,4.983978521,0,0.35549886,-0.001621831
CHEMBL406407,0.0,0,3,0.019408213,-0.21985478,0,0.0,0,0.59415863,0.20932672
CHEMBL411855,0.0,0,3,0.018318182,-0.17948401,0,9.636772685,0,0.591352505,0.07316513
CHEMBL410308,0.0,0,3,0.020018832,-0.35010646799999995,0,10.21669833,0,0.572623765,0.133321806
CHEMBL1688215,2.862951625,1,2,0.028240741,-0.700950702,1,11.46733495,0,0.383682523,-0.12525705
CHEMBL593710,0.0,0,2,0.02447601,-0.232167627,0,0.0,0,0.501232212,0.179595119
CHEMBL1824438,0.0,0,3,0.015561343,-0.358217304,0,5.316788604,0,0.515922614,0.156914705
CHEMBL1824442,0.0,0,3,0.022233333,-0.305378181,0,5.316788604,0,0.497193875,0.080568234
CHEMBL2435036,0.0,0,2,0.02052399,-0.543350914,1,20.52418199,0,0.580527208,0.018627787
CHEMBL2088222,0.0,1,4,0.016578283,-0.510873628,1,5.316788604,0,0.580527208,-0.22679369
CHEMBL2087985,0.0,1,4,0.018094315,-0.527427991,1,5.316788604,0,0.565235256,-0.032204086
CHEMBL1835711,0.0,1,4,0.021731678,-0.484985216,1,5.316788604,0,0.652411263,0.093020438
CHEMBL1835532,0.0,1,4,0.022021277,-0.451665177,1,5.316788604,0,0.568041382,-0.046718383
CHEMBL1835520,0.0,1,4,0.021141304,-0.449003293,1,5.316788604,0,0.568041382,-0.067848011
CHEMBL3260572,3.5032079080000003,1,4,0.019631643,-0.484756005,1,10.30076712,0,0.580527208,0.044575613
CHEMBL3260594,3.424954963,1,4,0.018423913,-0.471007646,1,10.30076712,0,0.580527208,0.110392038
CHEMBL3260596,3.3958641710000004,1,4,0.019311111,-0.5556482629999999,1,10.30076712,0,0.580527208,0.19272902
CHEMBL3260605,3.472952911,1,4,0.018255814,-0.477347026,1,10.30076712,0,0.580527208,0.115822016
CHEMBL2324833,0.0,0,3,0.021511752,-0.321645296,0,4.736862953999999,0,0.484708048,-0.05978780700000001
CHEMBL2087980,0.0,1,4,0.018525132,-0.5149864000000001,1,5.316788604,0,0.580527208,-0.057407797
CHEMBL2087966,0.0,1,4,0.01587963,-0.5254424,1,5.316788604,0,0.580527208,-0.059861316
CHEMBL3634709,3.315069681,1,4,0.01623385,-0.468127879,1,10.30076712,0,0.583963996,0.064650533
CHEMBL2087971,0.0,1,4,0.016578283,-0.5131761229999999,1,5.316788604,0,0.580527208,-0.091495316
CHEMBL2087986,0.0,1,4,0.016802326,-0.532440192,1,5.316788604,0,0.565235256,-0.047102379000000014
CHEMBL2087973,0.0,1,4,0.017202381,-0.5313176629999999,1,5.316788604,0,0.580527208,-0.051062049000000005
CHEMBL2087969,0.0,1,4,0.016578283,-0.4512685420000001,1,10.05365156,0,0.580527208,-0.045200869000000005
CHEMBL2088224,0.0,1,4,0.018525132,-0.517352395,1,5.316788604,0,0.580527208,-0.28821514800000003
CHEMBL2088223,0.0,1,4,0.018423913,-0.615387162,1,11.05045608,0,0.580527208,-0.2265249
CHEMBL1829504,2.916716427,0,4,0.015981481000000002,-0.207206943,0,0.0,0,0.404811503,0.160806105
CHEMBL1835529,0.0,1,4,0.025941043,-0.528001071,1,5.316788604,0,0.568041382,-0.298085971
CHEMBL1835519,0.0,1,4,0.021141304,-0.459604308,1,5.316788604,0,0.568041382,-0.005909804
CHEMBL4292878,0.0,0,3,0.02765625,-0.125840557,0,4.736862953999999,0,0.648625243,-0.185402111
CHEMBL4284609,0.0,0,3,0.026460114,-0.229679821,0,0.0,0,0.642204374,-0.217926824
CHEMBL2024685,0.0,0,3,0.02246732,-0.479874452,0,0.0,0,0.343013034,0.004831301
CHEMBL3260624,3.417772345,1,4,0.015510336,-0.491006097,1,10.30076712,0,0.565235256,0.108999864
CHEMBL3260568,3.4308935660000004,1,4,0.018525132,-0.486486889,1,10.30076712,0,0.580527208,0.09882288
CHEMBL3260598,3.391821224,1,4,0.017202381,-0.487836078,1,10.30076712,0,0.580527208,0.064650533
CHEMBL3260622,3.44972734,1,4,0.018031915,-0.401565787,1,19.77449303,0,0.565235256,0.102419448
CHEMBL3260569,3.458671344,1,4,0.018525132,-0.485329431,1,10.30076712,0,0.580527208,0.096248543
CHEMBL3260574,3.259192767,1,4,0.020314465,-0.649000923,1,15.03763008,0,0.580527208,0.012260678999999998
CHEMBL3260613,3.434997941,1,4,0.017884161000000003,-0.548181874,1,15.61755573,0,0.580527208,0.162513155
CHEMBL2088216,0.0,1,4,0.018813657,-0.41463769,1,14.79051451,0,0.565235256,-0.035675357000000005
CHEMBL3634706,3.218940303,1,4,0.020335648,-0.456978935,1,10.30076712,0,0.565235256,0.07322435599999999
CHEMBL1835710,0.0,1,4,0.017614087,-0.375421935,1,5.316788604,0,0.6701034539999999,-0.046609842
CHEMBL2208002,3.644417045,1,3,0.023216374,-0.483580522,1,10.30076712,0,0.6893293,0.046817476
CHEMBL497949,0.0,0,0,0.021695906,-0.57769979,1,16.36724469,0,0.5905383129999999,-0.203904377
CHEMBL1271631,0.0,0,0,0.025587963,-0.490158383,1,20.43339667,0,0.48847624,-0.208276736
CHEMBL3634800,3.297277967,1,4,0.020395981,-0.568760533,1,16.034434599999994,0,0.565235256,0.045034278
CHEMBL3261092,0.0,1,4,0.018847518,-0.388582135,1,5.316788604,0,0.580527208,0.1152451
CHEMBL1271853,0.0,0,0,0.025672303,-0.5199832010000001,1,25.75018527,0,0.571809573,0.060085545
CHEMBL2324829,0.0,0,3,0.018130081,-0.409279915,0,5.106527395,1,0.413860541,0.018845673
CHEMBL3260620,3.421461308,1,4,0.016802326,-0.486755579,1,10.30076712,0,0.565235256,0.112863214
CHEMBL3260906,3.50027825,1,4,0.016527778,-0.427983519,1,10.30076712,0,0.6672973289999999,-0.022056956000000003
CHEMBL3261086,3.294366234,1,4,0.023755556,-0.6212258629999999,1,16.034434599999994,0,0.580527208,-0.011903034
CHEMBL3260602,3.484125751,1,4,0.02052399,-0.482919119,1,10.30076712,0,0.580527208,0.061801595999999986
CHEMBL3260901,3.45670753,1,4,0.01913522,-0.42389549,1,15.20067686,0,0.565235256,-0.118261501
CHEMBL3260898,3.50027825,1,4,0.016087963,-0.424489093,1,10.30076712,0,0.6672973289999999,0.014147763
CHEMBL478629,0.0,1,3,0.020841049,-0.220774299,1,4.736862953999999,0,0.547137179,0.049048261
CHEMBL594867,0.0,0,2,0.027940821,-0.394069808,0,0.0,0,0.501232212,-0.096346073
CHEMBL4217935,0.0,1,4,0.02260771,-0.412710767,1,16.15698348,1,0.5006306620000001,-0.038924151
CHEMBL4206793,0.0,1,4,0.017688172,-0.431191313,1,5.316788604,0,0.392325677,0.08425131300000001
CHEMBL1824434,0.0,0,3,0.019938889,-0.366298692,0,5.316788604,0,0.515922614,0.258891592
CHEMBL3260897,3.4679325710000004,1,4,0.020094246,-0.4216808520000001,1,15.20067686,0,0.565235256,-0.092841246
CHEMBL3261085,3.309078168,1,4,0.021128472,-0.546328778,1,10.30076712,0,0.580527208,0.007947716
CHEMBL3261091,0.0,1,4,0.019685185,-0.378028892,1,5.316788604,0,0.5992559470000001,0.112128206
CHEMBL2435039,0.0,0,2,0.016775068,-0.623853334,1,20.10730312,0,0.497193875,0.174580609
CHEMBL3261087,3.431462428,1,4,0.019103535,-0.505894343,1,10.30076712,0,0.5992559470000001,0.126128844
CHEMBL3341788,0.0,0,1,0.031853865,-0.29397491,0,24.4272872,0,0.308992343,0.194512346
CHEMBL4284434,0.0,0,3,0.02853836,-0.240143042,0,0.0,0,0.6498253629999999,-0.16536504
CHEMBL3634708,3.26378984,1,4,0.020335648,-0.459348762,1,10.30076712,0,0.565235256,0.121527132
CHEMBL3261089,3.401670761,1,4,0.021128472,-0.5052961420000001,1,10.30076712,0,0.580527208,0.08873162400000001
CHEMBL4211574,0.0,1,4,0.01884127,-0.391567439,1,5.316788604,0,0.358304986,0.336498394
CHEMBL4218893,0.0,1,4,0.018510101,-0.458698006,1,10.05365156,0,0.392325677,-0.053577915
CHEMBL3260904,3.4531953110000004,1,4,0.021533333,-0.432005958,1,15.20067686,0,0.565235256,0.011217331
CHEMBL3261093,0.0,1,4,0.022071759,-0.381042712,1,5.316788604,0,0.580527208,0.079879805
CHEMBL2435040,0.0,0,2,0.019103535,-0.5404076879999999,1,24.4272872,0,0.5992559470000001,0.132462986
CHEMBL2435043,0.0,0,2,0.023947368,-0.493450778,1,14.21058886,0,0.484708048,0.240849229
CHEMBL3341941,0.0,0,1,0.034904971,-0.426760697,0,25.05078373,1,0.20693027100000005,-0.122179297
CHEMBL4205979,0.0,1,4,0.016805556,-0.443283527,1,5.316788604,0,0.441638319,0.049832352
CHEMBL3634799,3.3151213310000003,1,4,0.018679012,-0.47280341,1,10.30076712,0,0.565235256,0.07322435599999999
CHEMBL3260903,3.4762920110000004,1,4,0.015689655,-0.394143508,1,15.03763008,0,0.6672973289999999,0.06888023900000001
CHEMBL3260566,3.454514125,1,4,0.016266938,-0.475756149,1,10.30076712,0,0.5992559470000001,0.099808098
CHEMBL3260592,3.400263605,1,4,0.018423913,-0.574901998,1,16.034434599999994,0,0.580527208,0.040712918
CHEMBL3260607,3.424722458,1,4,0.018255814,-0.478120862,1,10.30076712,0,0.580527208,0.06747626799999999
CHEMBL3260616,3.488592687,1,4,0.018094315,-0.482606339,1,10.30076712,0,0.565235256,0.023986743
CHEMBL3260577,3.409085884,1,4,0.019103535,-0.468383179,1,10.30076712,0,0.580527208,0.046641031
CHEMBL3260579,3.383574696,1,4,0.020314465,-0.560418578,1,10.30076712,0,0.580527208,0.199904873
CHEMBL3260591,3.41810697,1,4,0.016578283,-0.47421734,1,10.30076712,0,0.580527208,0.06747626799999999
CHEMBL3260603,3.452376779,1,4,0.018255814,-0.432273492,1,15.03763008,0,0.580527208,0.099183371
CHEMBL3260612,3.405307858,1,4,0.017721088,-0.558236604,1,10.30076712,0,0.580527208,0.19272902
CHEMBL2435041,0.0,0,2,0.015102657,-0.605891389,1,20.10730312,0,0.5992559470000001,0.05827238200000001
CHEMBL4217699,2.86815055,1,4,0.025990028,-0.545204382,1,10.30076712,0,0.373596937,-0.012373279
CHEMBL3707020,3.395166525,0,2,0.018255814,-0.5647747470000001,1,19.77449303,0,0.580527208,-0.154283403
CHEMBL585117,0.0,0,3,0.019533543,-0.38549455,0,10.423316,1,0.591352505,0.202868288
CHEMBL2435044,0.0,0,2,0.018993056,-0.469568766,1,14.5802533,1,0.497193875,0.17520751
CHEMBL566256,0.0,0,2,0.024031746,-0.196524669,0,0.0,0,0.538603074,0.148509214
CHEMBL585505,3.5162073410000003,0,3,0.024558532,-0.506932962,0,15.03763008,0,0.5187287389999999,-0.076943055
CHEMBL585700,0.0,0,3,0.019583333,-0.320124905,0,5.733667477000001,0,0.591352505,0.137309622
CHEMBL567287,2.951806869,0,3,0.020392512,-0.369320317,0,5.316788604,0,0.506873575,0.110467252
CHEMBL4216706,0.0,1,4,0.026982323,-0.584211983,1,10.63357721,0,0.373596937,0.121404908
CHEMBL4210246,3.060135503,1,4,0.018299663,-0.531895561,1,10.30076712,0,0.373596937,-0.03140745
CHEMBL2435035,0.0,0,2,0.018255814,-0.463926296,1,14.79051451,0,0.580527208,0.042208197
CHEMBL4287654,0.0,0,2,0.03118863,-0.388834398,0,5.106527395,1,0.6498253629999999,-0.195188411
CHEMBL4204772,0.0,1,4,0.019480287,-0.402830236,1,5.316788604,0,0.392325677,0.1576501
CHEMBL4289487,0.0,0,2,0.032101449,-0.096073163,0,0.0,0,0.6532621510000001,-0.284201374
CHEMBL3341942,0.0,0,1,0.034391534,-0.4098782520000001,0,29.78764669,1,0.191638319,-0.092129401
CHEMBL2385582,0.0,1,3,0.020050505,-0.206287297,1,9.636772685,0,0.5964498220000001,0.118025357
CHEMBL3261090,3.386958827,1,4,0.023755556,-0.5976811320000001,1,16.034434599999994,0,0.580527208,0.066182195
CHEMBL4278812,0.0,0,1,0.033782506000000004,-0.369670745,0,5.106527395,1,0.634533412,-0.33136812600000004
CHEMBL3261095,0.0,1,4,0.018847518,-0.338654834,1,5.316788604,0,0.580527208,0.013633301
CHEMBL3261088,3.352327649,1,4,0.018679012,-0.499840139,1,10.30076712,0,0.580527208,0.023252658
CHEMBL3823101,0.0,0,2,0.031635802000000005,-0.300560254,0,18.94073529,0,0.18424981,-0.309067623
CHEMBL3261084,3.259735056,1,4,0.018679012,-0.529310255,1,10.30076712,0,0.580527208,-0.072411697
CHEMBL4279160,3.426089223,1,4,0.017693798,-0.549299278,1,15.03763008,0,0.451832953,0.016018767
CHEMBL4289841,3.3496038830000003,1,4,0.016626983999999997,-0.599928969,1,10.30076712,0,0.451832953,0.001014966
CHEMBL4284266,0.0,0,2,0.031900253,-0.226712003,0,4.736862953999999,0,0.6498253629999999,-0.166783782
CHEMBL4292491,0.0,0,3,0.025925926,-0.510222233,0,5.316788604,0,0.725537708,-0.244696083
CHEMBL4287843,0.0,0,3,0.02853836,-0.16915334,0,0.0,0,0.6498253629999999,-0.107729223
CHEMBL4277338,3.312097453,1,4,0.017369976000000002,-0.585543674,1,15.03763008,0,0.451832953,0.011903659
CHEMBL4285692,0.0,0,3,0.027007937000000003,-0.108222171,0,0.0,0,0.6796618529999999,-0.301727069
CHEMBL4292047,3.4359797810000003,1,4,0.015671835,-0.566004827,1,10.30076712,0,0.451832953,0.137933496
CHEMBL4276896,0.0,0,3,0.025548048,-0.132524216,0,0.0,0,0.660933114,-0.223234135
CHEMBL4214237,0.0,1,4,0.02545809,-0.499286719,1,15.7401046,1,0.456930271,0.232506583
CHEMBL4209583,2.9277691439999995,1,4,0.026982323,-0.638626053,1,15.61755573,0,0.373596937,-0.075338061
CHEMBL4210079,0.0,1,4,0.022247475,-0.51249646,1,10.63357721,0,0.373596937,-0.011074912
CHEMBL4205457,0.0,1,4,0.018299663,-0.420246887,1,5.316788604,0,0.373596937,0.220496061
CHEMBL3260902,3.483236456,1,4,0.01670078,-0.426761105,1,10.30076712,0,0.6672973289999999,-0.007568878
CHEMBL3260619,3.312686445,1,4,0.016802326,-0.456566179,1,10.30076712,0,0.565235256,0.160519852
CHEMBL3823478,0.0,0,2,0.028549383,-0.29461835,0,18.94073529,0,0.18424981,-0.309067623
CHEMBL3634704,3.255347458,1,4,0.020302469,-0.45751029,1,10.30076712,0,0.583963996,0.099391177
CHEMBL3634707,3.201096939,1,4,0.021883333,-0.556215821,1,16.034434599999994,0,0.565235256,0.045034278
CHEMBL4209835,2.949024392,1,4,0.018299663,-0.543198637,1,10.30076712,0,0.373596937,0.23922641100000006
CHEMBL4287412,0.0,0,3,0.028661616,-0.245574954,0,0.0,0,0.6498253629999999,-0.146434872
CHEMBL4202469,0.0,1,4,0.025893393,-0.481207487,1,5.316788604,0,0.392325677,0.106091206
CHEMBL3341955,0.0,0,1,0.030582265,-0.295787207,0,29.32719693,0,0.308992343,0.039779818
CHEMBL3341790,0.0,0,1,0.031179138,-0.322982518,0,29.16415015,0,0.308992343,0.147463678
CHEMBL3341795,0.0,0,1,0.026709402,-0.256798558,0,19.69042424,0,0.33677012100000003,0.17516583
CHEMBL4288745,0.0,0,2,0.03118863,-0.388834398,0,5.106527395,1,0.6498253629999999,-0.195188411
CHEMBL4287261,0.0,0,2,0.033560606,-0.098201489,0,0.0,0,0.668554103,-0.29943556600000004
CHEMBL4279331,0.0,0,1,0.035283951,-0.369211845,0,5.106527395,1,0.6498253629999999,-0.346467484
CHEMBL4291439,0.0,0,2,0.027799708,-0.380393836,0,5.106527395,1,0.642204374,-0.271307523
CHEMBL4288634,3.4138670010000003,1,4,0.017693798,-0.478690123,1,15.03763008,0,0.451832953,0.07720489700000001
CHEMBL4280660,3.39814555,1,4,0.016626983999999997,-0.5532617479999999,1,10.30076712,0,0.451832953,0.05782044400000001
CHEMBL4285292,3.431131661,1,4,0.016626983999999997,-0.552602377,1,10.30076712,0,0.451832953,-0.079285916
CHEMBL4205456,2.816658033,1,4,0.026982323,-0.639543935,1,15.61755573,0,0.373596937,0.134954265
CHEMBL4206910,0.0,1,4,0.027624113,-0.566433017,1,10.63357721,0,0.358304986,0.204793104
CHEMBL4214470,0.0,1,4,0.019574468,-0.421317688,1,16.36724469,0,0.515922614,-0.05035308
CHEMBL4276907,3.193473403,1,4,0.019846939,-0.572599168,1,10.30076712,0,0.451832953,0.236974429
CHEMBL4281030,0.0,0,3,0.029285714,-0.15018973300000002,0,0.0,0,0.668554103,-0.151018836
CHEMBL4281195,0.0,0,2,0.029344136,-0.363852363,0,5.106527395,1,0.660933114,-0.348912373
CHEMBL4291307,3.337381661,1,4,0.016626983999999997,-0.54052772,1,10.30076712,0,0.451832953,0.194749089
CHEMBL4277755,0.0,0,2,0.03195122,-0.085843419,0,0.0,0,0.660933114,-0.362569311
CHEMBL4277021,0.0,0,2,0.031185637,-0.386069783,0,5.106527395,1,0.6498253629999999,-0.218005602
CHEMBL2087981,0.0,1,4,0.020314465,-0.6861366590000001,1,10.05365156,0,0.580527208,-0.093507461
CHEMBL2087977,0.0,1,4,0.018255814,-0.514651477,1,5.316788604,0,0.580527208,-0.091495316
CHEMBL2087970,0.0,1,4,0.019311111,-0.6892534229999999,1,10.05365156,0,0.580527208,-0.093066653
CHEMBL4292170,0.0,0,2,0.031931217000000005,-0.22302552,0,4.736862953999999,0,0.6498253629999999,-0.186587724
CHEMBL4291675,0.0,0,3,0.02748538,-0.514537262,0,5.316788604,0,0.733158697,-0.204004823
CHEMBL4283638,0.0,1,2,0.024619883,-0.397660431,1,0.0,0,0.565235256,0.050083459
CHEMBL4279172,0.0,0,3,0.027612994,-0.516344924,0,5.316788604,0,0.733158697,-0.188962285
CHEMBL4294411,0.0,0,2,0.030455083,-0.421467037,0,4.736862953999999,0,0.6498253629999999,-0.131031757
CHEMBL4206220,0.0,1,4,0.02260771,-0.412710767,1,16.15698348,1,0.5006306620000001,-0.038924151
CHEMBL4205311,0.0,1,4,0.018908046,-0.411799918,1,5.316788604,0,0.411054416,0.012508842
CHEMBL4285400,0.0,0,2,0.031185637,-0.386069783,0,5.106527395,1,0.6498253629999999,-0.218005602
CHEMBL4283308,0.0,0,2,0.03118863,-0.388834398,0,5.106527395,1,0.6498253629999999,-0.195188411
CHEMBL4282287,0.0,0,3,0.029011628,-0.246070691,0,5.106527395,1,0.648625243,-0.152214408
